[
  {"id":"ripken-experience-aberdeen","name":"Cal Ripken Experience at Ripken Stadium","city":"Aberdeen","state":"MD","address":"873 Long Dr, Aberdeen, MD 21001","latitude":39.5096,"longitude":-76.1786},
  {"id":"cooperstown-dreams-park","name":"Cooperstown Dreams Park","city":"Cooperstown","state":"NY","address":"4550 NY-28, Milford, NY 13807","latitude":42.6112,"longitude":-74.9279},
  {"id":"usssa-space-coast","name":"USSSA Space Coast Complex","city":"Viera","state":"FL","address":"5800 Stadium Pkwy, Viera, FL 32940","latitude":28.2417,"longitude":-80.7346},
  {"id":"big-league-dreams-cathedral","name":"Big League Dreams Sports Park","city":"Cathedral City","state":"CA","address":"33700 Date Palm Dr, Cathedral City, CA 92234","latitude":33.7874,"longitude":-116.4618},
  {"id":"lakepoint-sports","name":"LakePoint Sports","city":"Emerson","state":"GA","address":"261 Stars Way, Emerson, GA 30137","latitude":34.1303,"longitude":-84.7489},
  {"id":"grand-park-westfield","name":"Grand Park Sports Campus","city":"Westfield","state":"IN","address":"19000 Grand Park Blvd, Westfield, IN 46074","latitude":40.0637,"longitude":-86.1478},
  {"id":"perfect-game-cedar-rapids","name":"Perfect Game Field at Alliant Energy Field","city":"Cedar Rapids","state":"IA","address":"950 Rockford Rd SW, Cedar Rapids, IA 52404","latitude":41.9637,"longitude":-91.6927},
  {"id":"pigeon-forge-sports","name":"Ripken Experience Pigeon Forge","city":"Pigeon Forge","state":"TN","address":"405 Jake Thomas Blvd, Pigeon Forge, TN 37863","latitude":35.7997,"longitude":-83.5536},
  {"id":"trc-mesa","name":"The Red Mountain Baseball Complex","city":"Mesa","state":"AZ","address":"6102 E University Dr, Mesa, AZ 85205","latitude":33.4213,"longitude":-111.7227},
  {"id":"sandlot-cedar-park","name":"The Sandlot","city":"Cedar Park","state":"TX","address":"2005 Little Elm Trl, Cedar Park, TX 78613","latitude":30.5108,"longitude":-97.8186},
  {"id":"southeast-athletic-complex-lakeland","name":"Southeast Athletic Complex","city":"Lakeland","state":"FL","address":"1575 Lkld Hills Blvd, Lakeland, FL 33805","latitude":28.0536,"longitude":-81.9431},
  {"id":"snowden-grove-park-southaven","name":"Snowden Grove Park","city":"Southaven","state":"MS","address":"6285 Getwell Rd, Southaven, MS 38672","latitude":34.9441,"longitude":-89.9728},
  {"id":"young-memorial-complex-metairie","name":"Young Memorial Playground Complex","city":"Metairie","state":"LA","address":"4200 Airline Dr, Metairie, LA 70001","latitude":30.0029,"longitude":-90.1832},
  {"id":"usa-baseball-cary","name":"USA Baseball National Training Complex","city":"Cary","state":"NC","address":"7155 Cabernet Franc Dr, Cary, NC 27519","latitude":35.7427,"longitude":-78.8853},
  {"id":"sterkel-park-salina","name":"Sterkel Park Baseball Fields","city":"Salina","state":"KS","address":"1500 E Iron Ave, Salina, KS 67401","latitude":38.8340,"longitude":-97.5981},
  {"id":"el-dorado-park-long-beach","name":"El Dorado Park East Baseball","city":"Long Beach","state":"CA","address":"7550 E Spring St, Long Beach, CA 90815","latitude":33.8109,"longitude":-118.0981},
  {"id":"myrtle-beach-pelicans","name":"Pelicans Ballpark Complex","city":"Myrtle Beach","state":"SC","address":"1251 21st Ave N, Myrtle Beach, SC 29577","latitude":33.7143,"longitude":-78.8733},
  {"id":"kiwanis-park-tempe","name":"Kiwanis Park Recreation Complex","city":"Tempe","state":"AZ","address":"6111 S All-America Way, Tempe, AZ 85283","latitude":33.3586,"longitude":-111.9421},
  {"id":"south-commons-columbus","name":"South Commons Softball Complex","city":"Columbus","state":"OH","address":"230 Greenlawn Ave, Columbus, OH 43223","latitude":39.9392,"longitude":-83.0001},
  {"id":"peoria-sports-complex","name":"Peoria Sports Complex","city":"Peoria","state":"AZ","address":"16101 N 83rd Ave, Peoria, AZ 85382","latitude":33.6365,"longitude":-112.2300},
  {"id":"cedar-creek-park-allentown","name":"Cedar Creek Parkway Baseball","city":"Allentown","state":"PA","address":"2624 S Pike Ave, Allentown, PA 18103","latitude":40.5881,"longitude":-75.4862},
  {"id":"deanna-manning-stadium-irvine","name":"Deanna Manning Stadium","city":"Irvine","state":"CA","address":"Harvard Athletic Park, Irvine, CA 92612","latitude":33.6677,"longitude":-117.8311},
  {"id":"spring-training-surprise","name":"Surprise Stadium","city":"Surprise","state":"AZ","address":"15930 N Bullard Ave, Surprise, AZ 85374","latitude":33.6254,"longitude":-112.3698},
  {"id":"whitnall-park-greendale","name":"Whitnall Park Baseball Fields","city":"Greendale","state":"WI","address":"5879 S 92nd St, Hales Corners, WI 53130","latitude":42.9326,"longitude":-88.0584},
  {"id":"recplex-pleasant-prairie","name":"RecPlex Baseball","city":"Pleasant Prairie","state":"WI","address":"9900 Terwall Terrace, Pleasant Prairie, WI 53158","latitude":42.5365,"longitude":-87.8854},
  {"id":"henry-s-parker-athletic-complex","name":"Henry S. Parker Athletic Complex","city":"Salisbury","state":"MD","address":"900 South Salisbury Blvd, Salisbury, MD 21801","latitude":38.3481,"longitude":-75.5900},
  {"id":"bb-t-ballpark-winston-salem","name":"BB&T Ballpark Complex","city":"Winston-Salem","state":"NC","address":"926 Brookstown Ave, Winston-Salem, NC 27101","latitude":36.0919,"longitude":-80.2515},
  {"id":"cloverdale-park-little-rock","name":"Cloverdale Park Fields","city":"Little Rock","state":"AR","address":"6500 Ranch Dr, Little Rock, AR 72209","latitude":34.6927,"longitude":-92.3480},
  {"id":"plex-sports-complex-monroeville","name":"PLEX Sports Complex","city":"Monroeville","state":"PA","address":"4030 Old William Penn Hwy, Monroeville, PA 15146","latitude":40.4394,"longitude":-79.7606},
  {"id":"t-mobile-park-youth-fields-seattle","name":"T-Mobile Youth Fields at SODO","city":"Seattle","state":"WA","address":"1250 1st Ave S, Seattle, WA 98134","latitude":47.5914,"longitude":-122.3336},
  {"id":"turf-paradise-sports-phoenix","name":"Turf Paradise Sports Complex","city":"Phoenix","state":"AZ","address":"1501 W Bell Rd, Phoenix, AZ 85023","latitude":33.6386,"longitude":-112.0854},
  {"id":"veteran-memorial-park-ridgewood","name":"Veteran Memorial Park Baseball","city":"Ridgewood","state":"NJ","address":"131 N Maple Ave, Ridgewood, NJ 07450","latitude":40.9803,"longitude":-74.1127},
  {"id":"diamond-nation-flemington","name":"Diamond Nation","city":"Flemington","state":"NJ","address":"128 Route 31 S, Flemington, NJ 08822","latitude":40.5052,"longitude":-74.8600},
  {"id":"stamford-baseball-complex","name":"Stamford Baseball Complex","city":"Stamford","state":"CT","address":"80 Vine Rd, Stamford, CT 06905","latitude":41.0800,"longitude":-73.5387},
  {"id":"falcon-park-auburn","name":"Falcon Park","city":"Auburn","state":"NY","address":"130 N Division St, Auburn, NY 13021","latitude":42.9349,"longitude":-76.5710},
  {"id":"three-rivers-park-leesburg","name":"Three Rivers Park","city":"Leesburg","state":"VA","address":"46000 Algonkian Pkwy, Sterling, VA 20165","latitude":39.0485,"longitude":-77.3851},
  {"id":"twin-creeks-sports-complex-allen","name":"Twin Creeks Sports Complex","city":"Allen","state":"TX","address":"985 S Ridgeview Dr, Allen, TX 75013","latitude":33.0895,"longitude":-96.6741},
  {"id":"bankers-life-fieldhouse-youth-fields","name":"Victory Field Youth Complex","city":"Indianapolis","state":"IN","address":"501 W Maryland St, Indianapolis, IN 46225","latitude":39.7680,"longitude":-86.1651},
  {"id":"hohokam-stadium-mesa","name":"Hohokam Stadium","city":"Mesa","state":"AZ","address":"1235 N Center St, Mesa, AZ 85201","latitude":33.4387,"longitude":-111.8269},
  {"id":"boomer-jack-little-league-ft-worth","name":"Boomer Jack Little League Complex","city":"Fort Worth","state":"TX","address":"3000 Sycamore School Rd, Fort Worth, TX 76133","latitude":32.6605,"longitude":-97.3755},
  {"id":"shirley-povich-field-bethesda","name":"Shirley Povich Field","city":"Bethesda","state":"MD","address":"10600 Westlake Dr, Bethesda, MD 20817","latitude":39.0189,"longitude":-77.1405},
  {"id":"coach-bos-field-hoboken","name":"Coach Bo's Field","city":"Hoboken","state":"NJ","address":"800 Monroe St, Hoboken, NJ 07030","latitude":40.7410,"longitude":-74.0450},
  {"id":"state-college-ll-complex","name":"State College Little League Complex","city":"State College","state":"PA","address":"1800 Oak Hall Park, State College, PA 16801","latitude":40.8148,"longitude":-77.8227},
  {"id":"roger-dean-chevrolet-stadium","name":"Roger Dean Chevrolet Stadium","city":"Jupiter","state":"FL","address":"4751 Main St, Jupiter, FL 33458","latitude":26.8929,"longitude":-80.1147},
  {"id":"bb-t-baseball-park-charlotte","name":"Truist Field Youth Baseball","city":"Charlotte","state":"NC","address":"324 S Mint St, Charlotte, NC 28202","latitude":35.2277,"longitude":-80.8488},
  {"id":"pal-stadium-san-jose","name":"PAL Stadium","city":"San Jose","state":"CA","address":"680 Luchessa Ave, San Jose, CA 95133","latitude":37.3755,"longitude":-121.8538},
  {"id":"medlar-field-state-college","name":"Medlar Field at Lubrano Park","city":"State College","state":"PA","address":"600 E College Ave, State College, PA 16801","latitude":40.8127,"longitude":-77.8477},
  {"id":"maryvale-baseball-park-phoenix","name":"Maryvale Baseball Park","city":"Phoenix","state":"AZ","address":"3600 N 51st Ave, Phoenix, AZ 85031","latitude":33.5106,"longitude":-112.1522},
  {"id":"td-ameritrade-park-omaha","name":"Charles Schwab Field Omaha","city":"Omaha","state":"NE","address":"1200 Mike Fahey St, Omaha, NE 68102","latitude":41.2565,"longitude":-95.9776},
  {"id":"durham-athletic-park","name":"Durham Athletic Park","city":"Durham","state":"NC","address":"500 W Corporation St, Durham, NC 27701","latitude":35.9979,"longitude":-78.9038}
]
